{"cameraMode":{"drawMode":0,"name":"Shaded","section":"Shading Mode"},"sceneLighting":true,"audioPlay":false,"sceneViewState":{"m_AlwaysRefresh":false,"showFog":true,"showSkybox":true,"showFlares":true,"showImageEffects":true,"showParticleSystems":true,"showVisualEffectGraphs":true,"m_FxEnabled":true},"in2DMode":false,"pivot":{"x":-6.853342533111572,"y":9.231335639953614,"z":-10.877304077148438},"rotation":{"x":-0.12994614243507386,"y":-0.17102856934070588,"z":0.022762252017855645,"w":-0.9763996601104736},"size":2.8846359252929689,"orthographic":false}